﻿NúmeroPergunta;Pergunta;NúmeroPai;Tipo;Relatorio
1;Conseguiu realizar a ligação?;1;;
2;Ligação Reagendada;1;;
3;Escolha a Data:;2;;
4;Abre calendário;3;;
5;Ligação Com Sucesso;1;;
6;Ao conversar com o cliente, qual foi o aprendizado que deverá ser repassado para o time durante a reunião foco (HQ)?;5;;
7;500;6;;
8;Relembre o contexto dessa ligação: O que motivou a nota?;5;;
9;500;8;;
10;Quais foram os pontos negativos mencionados na ligação? (Selecione todos que se aplicam);5;;
11;Atendimento do Gerente/ Plataforma;10;;
12;Pontos negativos específicos de Atendimento do Gerente/ Plataforma;11;;
13;Conhecimento da empresa;12;;
14;Conhecimento técnico;12;;
15;Soluções adequadas (atendimento consultivo);12;;
16;Postura/Simpatia;12;;
17;Disponibilidade / Facilidade para contato;12;;
18;Transparência;12;;
19;Retorno em tempo hábil / ausência de retorno;12;;
20;Quebra de vínculo;12;;
21;Outros;12;;
22;Especifique;21;;
23;50;22;;
24;Canais;10;;
25;Pontos negativos específicos de Canais;24;;
26;Agência / Caixa;25;;
27;Especifique;26;;
28;Estrutura física;27;;
29;Fila / Tempo de espera;27;;
30;Atendimento / Cordialidade;27;;
31;Efetividade na solução;27;;
32;Outros;27;;
33;Especifique;32;;
34;50;33;;
35;Central de Atendimento (0300);25;;
36;Especifique;35;;
37;Tempo de espera;36;;
38;Efetividade na solução;36;;
39;Outros;36;;
40;Especifique;39;;
41;50;40;;
42;Internet Banking;25;;
43;Especifique;42;;
44;Disponibilidade do canal;43;;
45;Funcionalidades;43;;
46;Outros;43;;
47;Especifique;46;;
48;50;47;;
49;Mobile;25;;
50;Especifique;49;;
51;Disponibilidade do canal;50;;
52;Funcionalidades;50;;
53;Outros;50;;
54;Especifique;53;;
55;50;54;;
56;Consultoria / Especialista;10;;
57;Pontos negativos específicos de Consultoria / Especialista;56;;
58;Câmbio;57;;
59;Especifique;58;;
60;Taxas/tarifas;59;;
61;Transparência;59;;
62;Conhecimento técnico;59;;
63;Atendimento consultivo;59;;
64;Outros;59;;
65;Especifique;64;;
66;50;65;;
67;Cash;57;;
68;Especifique;67;;
69;Taxas/tarifas;68;;
70;Transparência;68;;
71;Conhecimento técnico;68;;
72;Atendimento consultivo;68;;
73;Outros;68;;
74;Especifique;73;;
75;50;74;;
76;Investimentos;57;;
77;Especifique;76;;
78;Taxas/tarifas;77;;
79;Transparência;77;;
80;Conhecimento técnico;77;;
81;Atendimento consultivo;77;;
82;Outros;77;;
83;Especifique;82;;
84;50;83;;
85;Longo Prazo;57;;
86;Especifique;85;;
87;Taxas/tarifas;86;;
88;Transparência;86;;
89;Conhecimento técnico;86;;
90;Atendimento consultivo;86;;
91;Outros;86;;
92;Especifique;91;;
93;50;92;;
94;Rede;57;;
95;Especifique;94;;
96;Taxas/tarifas;95;;
97;Transparência;95;;
98;Conhecimento técnico;95;;
99;Atendimento consultivo;95;;
100;Outros;95;;
101;Especifique;100;;
102;50;101;;
103;Renegociação;57;;
104;Especifique;103;;
105;Taxas/tarifas;104;;
106;Transparência;104;;
107;Conhecimento técnico;104;;
108;Atendimento consultivo;104;;
109;Outros;104;;
110;Especifique;109;;
111;50;110;;
112;Produtos;10;;
113;Pontos negativos específicos de Produtos;112;;
114;Antecipação;113;;
115;Especifique;114;;
116;Taxas/tarifas;115;;
117;Atende a necessidade do cliente;115;;
118;Processo (jornada);115;;
119;Transparência;115;;
120;Outros;115;;
121;Especifique;120;;
122;50;121;;
123;Câmbio;113;;
124;Especifique;123;;
125;Taxas/tarifas;124;;
126;Atende a necessidade do cliente;124;;
127;Processo (jornada);124;;
128;Transparência;124;;
129;Outros;124;;
130;Especifique;129;;
131;50;130;;
132;Capital de Giro;113;;
133;Especifique;132;;
134;Taxas/tarifas;133;;
135;Atende a necessidade do cliente;133;;
136;Processo (jornada);133;;
137;Transparência;133;;
138;Outros;133;;
139;Especifique;138;;
140;50;139;;
141;Cheque Especial;113;;
142;Especifique;141;;
143;Taxas/tarifas;142;;
144;Atende a necessidade do cliente;142;;
145;Processo (jornada);142;;
146;Transparência;142;;
147;Outros;142;;
148;Especifique;147;;
149;50;148;;
150;Cobrança;113;;
151;Especifique;150;;
152;Taxas/tarifas;151;;
153;Atende a necessidade do cliente;151;;
154;Processo (jornada);151;;
155;Transparência;151;;
156;Outros;151;;
157;Especifique;156;;
158;50;157;;
159;Conta Certa;113;;
160;Especifique;159;;
161;Taxas/tarifas;160;;
162;Atende a necessidade do cliente;160;;
163;Processo (jornada);160;;
164;Transparência;160;;
165;Outros;160;;
166;Especifique;165;;
167;50;166;;
168;Conta Garantida;113;;
169;Especifique;168;;
170;Taxas/tarifas;169;;
171;Atende a necessidade do cliente;169;;
172;Processo (jornada);169;;
173;Transparência;169;;
174;Outros;169;;
175;Especifique;174;;
176;50;175;;
177;Descontos;113;;
178;Especifique;177;;
179;Taxas/tarifas;178;;
180;Atende a necessidade do cliente;178;;
181;Processo (jornada);178;;
182;Transparência;178;;
183;Outros;178;;
184;Especifique;183;;
185;50;184;;
186;Investimentos;113;;
187;Especifique;186;;
188;Taxas/tarifas;187;;
189;Atende a necessidade do cliente;187;;
190;Processo (jornada);187;;
191;Transparência;187;;
192;Outros;187;;
193;Especifique;192;;
194;50;193;;
195;Pagamentos e Recebimentos;113;;
196;Especifique;195;;
197;Taxas/tarifas;196;;
198;Atende a necessidade do cliente;196;;
199;Processo (jornada);196;;
200;Transparência;196;;
201;Outros;196;;
202;Especifique;201;;
203;50;202;;
204;Rede;113;;
205;Especifique;204;;
206;Taxas/tarifas;205;;
207;Atende a necessidade do cliente;205;;
208;Processo (jornada);205;;
209;Transparência;205;;
210;Outros;205;;
211;Especifique;210;;
212;50;211;;
213;Renegociação;113;;
214;Especifique;213;;
215;Taxas/tarifas;214;;
216;Atende a necessidade do cliente;214;;
217;Processo (jornada);214;;
218;Transparência;214;;
219;Outros;214;;
220;Especifique;219;;
221;50;220;;
222;Consórcio;113;;
223;Especifique;222;;
224;Taxas/tarifas;223;;
225;Atende a necessidade do cliente;223;;
226;Processo (jornada);223;;
227;Transparência;223;;
228;Outros;223;;
229;Especifique;228;;
230;50;229;;
231;Cartão business;113;;
232;Especifique;231;;
233;Taxas/tarifas;232;;
234;Atende a necessidade do cliente;232;;
235;Processo (jornada);232;;
236;Transparência;232;;
237;Outros;232;;
238;Especifique;237;;
239;50;238;;
240;Quais foram os pontos positivos mencionados na ligação? (Selecione todos que se aplicam);5;;
241;Atendimento do Gerente/ Plataforma;240;;
242;Pontos positivos específicos de Atendimento do Gerente/ Plataforma;241;;
243;Conhecimento da empresa;242;;
244;Conhecimento técnico;242;;
245;Soluções adequadas (atendimento consultivo);242;;
246;Postura/Simpatia;242;;
247;Disponibilidade / Facilidade para contato;242;;
248;Transparência;242;;
249;Retorno em tempo hábil / ausência de retorno;242;;
250;Quebra de vínculo;242;;
251;Outros;242;;
252;Especifique;251;;
253;50;252;;
254;Canais;240;;
255;Pontos positivos específicos de Canais;254;;
256;Agência / Caixa;255;;
257;Especifique;256;;
258;Estrutura física;257;;
259;Fila / Tempo de espera;257;;
260;Atendimento / Cordialidade;257;;
261;Efetividade na solução;257;;
262;Outros;257;;
263;Especifique;262;;
264;50;263;;
265;Central de Atendimento (0300);255;;
266;Especifique;265;;
267;Tempo de espera;266;;
268;Efetividade na solução;266;;
269;Outros;266;;
270;Especifique;269;;
271;50;270;;
272;Internet Banking;255;;
273;Especifique;272;;
274;Disponibilidade do canal;273;;
275;Funcionalidades;273;;
276;Outros;273;;
277;Especifique;276;;
278;50;277;;
279;Mobile;255;;
280;Especifique;279;;
281;Disponibilidade do canal;280;;
282;Funcionalidades;280;;
283;Outros;280;;
284;Especifique;283;;
285;50;284;;
286;Consultoria / Especialista;240;;
287;Pontos positivos específicos de Consultoria / Especialista;286;;
288;Câmbio;287;;
289;Especifique;288;;
290;Taxas/tarifas;289;;
291;Transparência;289;;
292;Conhecimento técnico;289;;
293;Atendimento consultivo;289;;
294;Outros;289;;
295;Especifique;294;;
296;50;295;;
297;Cash;287;;
298;Especifique;297;;
299;Taxas/tarifas;298;;
300;Transparência;298;;
301;Conhecimento técnico;298;;
302;Atendimento consultivo;298;;
303;Outros;298;;
304;Especifique;303;;
305;50;304;;
306;Investimentos;287;;
307;Especifique;306;;
308;Taxas/tarifas;307;;
309;Transparência;307;;
310;Conhecimento técnico;307;;
311;Atendimento consultivo;307;;
312;Outros;307;;
313;Especifique;312;;
314;50;313;;
315;Longo Prazo;287;;
316;Especifique;315;;
317;Taxas/tarifas;316;;
318;Transparência;316;;
319;Conhecimento técnico;316;;
320;Atendimento consultivo;316;;
321;Outros;316;;
322;Especifique;321;;
323;50;322;;
324;Rede;287;;
325;Especifique;324;;
326;Taxas/tarifas;325;;
327;Transparência;325;;
328;Conhecimento técnico;325;;
329;Atendimento consultivo;325;;
330;Outros;325;;
331;Especifique;330;;
332;50;331;;
333;Renegociação;287;;
334;Especifique;333;;
335;Taxas/tarifas;334;;
336;Transparência;334;;
337;Conhecimento técnico;334;;
338;Atendimento consultivo;334;;
339;Outros;334;;
340;Especifique;339;;
341;50;340;;
342;Produtos;240;;
343;Pontos positivos específicos de Produtos;342;;
344;Antecipação;343;;
345;Especifique;344;;
346;Taxas/tarifas;345;;
347;Atende a necessidade do cliente;345;;
348;Processo (jornada);345;;
349;Transparência;345;;
350;Outros;345;;
351;Especifique;350;;
352;50;351;;
353;Câmbio;343;;
354;Especifique;353;;
355;Taxas/tarifas;354;;
356;Atende a necessidade do cliente;354;;
357;Processo (jornada);354;;
358;Transparência;354;;
359;Outros;354;;
360;Especifique;359;;
361;50;360;;
362;Capital de Giro;343;;
363;Especifique;362;;
364;Taxas/tarifas;363;;
365;Atende a necessidade do cliente;363;;
366;Processo (jornada);363;;
367;Transparência;363;;
368;Outros;363;;
369;Especifique;368;;
370;50;369;;
371;Cheque Especial;343;;
372;Especifique;371;;
373;Taxas/tarifas;372;;
374;Atende a necessidade do cliente;372;;
375;Processo (jornada);372;;
376;Transparência;372;;
377;Outros;372;;
378;Especifique;377;;
379;50;378;;
380;Cobrança;343;;
381;Especifique;380;;
382;Taxas/tarifas;381;;
383;Atende a necessidade do cliente;381;;
384;Processo (jornada);381;;
385;Transparência;381;;
386;Outros;381;;
387;Especifique;386;;
388;50;387;;
389;Conta Certa;343;;
390;Especifique;389;;
391;Taxas/tarifas;390;;
392;Atende a necessidade do cliente;390;;
393;Processo (jornada);390;;
394;Transparência;390;;
395;Outros;390;;
396;Especifique;395;;
397;50;396;;
398;Conta Garantida;343;;
399;Especifique;398;;
400;Taxas/tarifas;399;;
401;Atende a necessidade do cliente;399;;
402;Processo (jornada);399;;
403;Transparência;399;;
404;Outros;399;;
405;Especifique;404;;
406;50;405;;
407;Descontos;343;;
408;Especifique;408;;
409;Taxas/tarifas;408;;
410;Atende a necessidade do cliente;408;;
411;Processo (jornada);408;;
412;Transparência;408;;
413;Outros;408;;
414;Especifique;413;;
415;50;414;;
416;Investimentos;343;;
417;Especifique;416;;
418;Taxas/tarifas;417;;
419;Atende a necessidade do cliente;417;;
420;Processo (jornada);417;;
421;Transparência;417;;
422;Outros;417;;
423;Especifique;422;;
424;50;423;;
425;Pagamentos e Recebimentos;343;;
426;Especifique;425;;
427;Taxas/tarifas;426;;
428;Atende a necessidade do cliente;426;;
429;Processo (jornada);426;;
430;Transparência;426;;
431;Outros;426;;
432;Especifique;431;;
433;50;432;;
434;Rede;343;;
435;Especifique;434;;
436;Taxas/tarifas;435;;
437;Atende a necessidade do cliente;435;;
438;Processo (jornada);435;;
439;Transparência;435;;
440;Outros;435;;
441;Especifique;440;;
442;50;441;;
443;Renegociação;343;;
444;Especifique;443;;
445;Taxas/tarifas;444;;
446;Atende a necessidade do cliente;444;;
447;Processo (jornada);444;;
448;Transparência;444;;
449;Outros;444;;
450;Especifique;449;;
451;50;450;;
452;Consórcio;343;;
453;Especifique;452;;
454;Taxas/tarifas;453;;
455;Atende a necessidade do cliente;453;;
456;Processo (jornada);453;;
457;Transparência;453;;
458;Outros;453;;
459;Especifique;453;;
460;50;453;;
461;Cartão business;343;;
462;Especifique;461;;
463;Taxas/tarifas;462;;
464;Atende a necessidade do cliente;462;;
465;Processo (jornada);462;;
466;Transparência;462;;
467;Outros;462;;
468;Especifique;467;;
469;50;468;;
