﻿NúmeroPergunta;Pergunta;NúmeroPai;Tipo;Relatorio
1;Conseguiu realizar a ligação?;1;;
2;Ligação Agendada;1;;
3;Ligação Não Atendida;1;;
4;Ligação Realizada;1;;
5;Escolha a Data:;2;;
6;Escolha o motivo:;3;;
7;Após conversar com o cliente, houve algum aprendizado que possa ser compartilhado com a equipe?;4;;
8;O que o cliente falou de pontos fortes durante a ligação? (Selecione todos os mencionados);4;;
9; O que o cliente falou de oportunidades durante a ligação? (Selecione todos os mencionados);4;;
10;Calendário;5;;
11;Cliente não atendeu a ligação;6;;
12;Número inexistente;6;;
13;Cliente não quer contato;6;;
14;Telefone incorreto;6;;
15;Sim;7;;
16;Não;7;;
17;Atendimento;8;;
18;Produtos;8;;
19;Canal de acesso;8;;
20;Tempo de espera;8;;
21;Serviços financeiros;8;;
22;Infraestrutura da Agência;8;;
23;Outros;8;;
24;Atendimento;9;;
25;Produtos;9;;
26;Canal de acesso;9;;
27;Tempo de espera;9;;
28;Serviços financeiros;9;;
29;Infraestrutura da Agência;9;;
30;Outros;9;;
31;"Descreva o caso com detalhes e os aprendizados. Lembre-se que o preenchimento desse campo é muito importante para a preparação do Comitê de Satisfação.";15;;
32;Gostaria de deixar algum comentário adicional?;16;;
33;Pontos fortes de atendimento;17;;
34;Selecione o(s) produto(s)?;18;;
35;Quais Canais?;19;;
36;Pontos fortes de tempo de espera;20;;
37;Pontos fortes de serviços financeiros;21;;
38;Pontos fortes de infraestrutura da agência;22;;
39;Descreva qual/ quais?;23;;
40;Pontos de oportunidade de atendimento;24;;
41;Selecione o(s) produto(s)?;25;;
42;Quais Canais?;26;;
43;Pontos de oportunidade de tempo de espera;27;;
44;Pontos de oportunidade de serviços financeiros;28;;
45;Pontos de oportunidade de infraestrutura da agência;29;;
46;Descreva qual/ quais?;30;;
47;Cartões;34;;
48;Investimento;34;;
49;Conta corrente;34;;
50;Crédito;34;;
51;Cambio;34;;
52;Proteção;34;;
53;Outros;34;;
54;Cartões;41;;
55;Investimento;41;;
56;Conta corrente;41;;
57;Crédito;41;;
58;Cambio;41;;
59;Proteção;41;;
60;Outros;41;;
61;Gentileza/ Simpatia;33;;
62;Competência/ Conhecimento Técnico;33;;
63;Postura;33;;
64;Proatividade;33;;
65;Proximidade;33;;
66;Gentileza/ Simpatia;40;;
67;Competência/ Conhecimento Técnico;40;;
68;Postura;40;;
69;Proatividade;40;;
70;Proximidade;40;;
71;Ausência de retorno;40;;
72;Internet Banking;35;;
73;Caixa eletronico;35;;
74;Caixa Humano;35;;
75;App Celular;35;;
76;Central de Atendimento;35;;
77;Internet Banking;42;;
78;Caixa eletronico;42;;
79;Caixa Humano;42;;
80;App Celular;42;;
81;Central de Atendimento;42;;
82;Tempo de espera no atendimento gerencial;36;;
83;Prazo para solução da demanda;36;;
84;Tempo de espera na fila do caixa;36;;
85;Tempo de retorno do contato;36;;
86;Tempo de espera no atendimento gerencial;43;;
87;Prazo de solução da demanda;43;;
88;Tempo de espera na fila do caixa;43;;
89;Tempo de retorno do contato;43;;
90;Assessoria Financeira;37;;
91;Revisão periódica da carteira;37;;
92;Programa sempre presente (PSP);37;;
93;Experiências Personnalité;37;;
94;Outros;37;;
95;Descreva qual/ quais?;94;;
96;Pontos fortes em cartões;47;;
97;Pontos fortes em investimento;48;;
98;Pontos fortes em conta corrente;49;;
99;Pontos fortes em crédito;50;;
100;Pontos fortes em cambio;51;;
101;Pontos fortes em proteção;52;;
102;Pontos de oportunidades em cartões;54;;
103;Pontos de oportunidades em investimento;55;;
104;Pontos de oportunidades em conta corrente;56;;
105;Pontos de oportunidades em crédito;57;;
106;Pontos de oportunidades em cambio;58;;
107;Pontos de oportunidades em proteção;59;;
108;Prateleira de produtos;96;;
109;Taxas e Tarifas;96;;
110;Flexibilidade do produto;96;;
111;Rentabilidade;96;;
112;Processo do produto;96;;
113;Outros;96;;
114;Descreva qual/ quais?;113;;
115;Prateleira de produtos;102;;
116;Taxas e Tarifas;102;;
117;Flexibilidade do produto;102;;
118;Rentabilidade;102;;
119;Processo do produto;102;;
120;Outros;102;;
121;Descreva qual/ quais?;120;;
122;Prateleira de produtos;97;;
123;Taxas e Tarifas;97;;
124;Flexibilidade do produto;97;;
125;Rentabilidade;97;;
126;Processo do produto;97;;
127;Outros;97;;
128;Descreva qual/ quais?;127;;
129;Prateleira de produtos;103;;
130;Taxas e Tarifas;103;;
131;Flexibilidade do produto;103;;
132;Rentabilidade;103;;
133;Processo do produto;103;;
134;Outros;103;;
135;Descreva qual/ quais?;134;;
136;Prateleira de produtos;98;;
137;Taxas e Tarifas;98;;
138;Flexibilidade do produto;98;;
139;Rentabilidade;98;;
140;Processo do produto;98;;
141;Outros;98;;
142;Descreva qual/ quais?;141;;
143;Prateleira de produtos;104;;
144;Taxas e Tarifas;104;;
145;Flexibilidade do produto;104;;
146;Rentabilidade;104;;
147;Processo do produto;104;;
148;Outros;104;;
149;Descreva qual/ quais?;148;;
150;Prateleira de produtos;99;;
151;Taxas e Tarifas;99;;
152;Flexibilidade do produto;99;;
153;Rentabilidade;99;;
154;Processo do produto;99;;
155;Outros;99;;
156;Descreva qual/ quais?;155;;
157;Prateleira de produtos;105;;
158;Taxas e Tarifas;105;;
159;Flexibilidade do produto;105;;
160;Rentabilidade;105;;
161;Processo do produto;105;;
162;Outros;105;;
163;Descreva qual/ quais?;162;;
164;Prateleira de produtos;100;;
165;Taxas e Tarifas;100;;
166;Flexibilidade do produto;100;;
167;Rentabilidade;100;;
168;Processo do produto;100;;
169;Outros;100;;
170;Descreva qual/ quais?;169;;
171;Prateleira de produtos;106;;
172;Taxas e Tarifas;106;;
173;Flexibilidade do produto;106;;
174;Rentabilidade;106;;
175;Processo do produto;106;;
176;Outros;106;;
177;Descreva qual/ quais?;176;;
178;Prateleira de produtos;101;;
179;Taxas e Tarifas;101;;
180;Flexibilidade do produto;101;;
181;Rentabilidade;101;;
182;Processo do produto;101;;
183;Outros;101;;
184;Descreva qual/ quais?;183;;
185;Prateleira de produtos;107;;
186;Taxas e Tarifas;107;;
187;Flexibilidade do produto;107;;
188;Rentabilidade;107;;
189;Processo do produto;107;;
190;Outros;107;;
191;Descreva qual/ quais?;190;;
192;Pontos fortes do canal Internet Banking;72;;
193;Pontos fortes do canal Caixa eletronico;73;;
194;Pontos fortes do canal Caixa Humano;74;;
195;Pontos fortes do canal App Celular;75;;
196;Pontos fortes do canal Central de Atendimento;76;;
197;Facilidade;192;;
198;Usabilidade;192;;
199;Disponibilidade;192;;
200;Acesso;192;;
201;Facilidade;193;;
202;Localização;193;;
203;Disponibilidade;193;;
204;Acesso;193;;
205;Educação e simpatia dos Caixas;194;;
206;Ausência de fila;194;;
207;Tempo para ser atendido;194;;
208;Facilidade;195;;
209;Usabilidade;195;;
210;Disponibilidade;195;;
211;Acesso;195;;
212;Atendimento;196;;
213;Tempo para ser atendido;196;;
214;Facilidade;196;;
215;Educação e simpatia;196;;
216;Pontos de oportunidades do canal Internet Banking;77;;
217;Pontos de oportunidades do canal Caixa eletronico;78;;
218;Pontos de oportunidades do canal Caixa Humano;79;;
219;Pontos de oportunidades do canal App Celular;80;;
220;Pontos de oportunidades do canal Central de Atendimento;81;;
221;Facilidade;216;;
222;Usabilidade;216;;
223;Disponibilidade;216;;
224;Acesso;216;;
225;Facilidade;217;;
226;Localização;217;;
227;Disponibilidade;217;;
228;Acesso;217;;
229;Educação e simpatia dos Caixas;218;;
230;Ausência de fila;218;;
231;Tempo para ser atendido;218;;
232;Facilidade;219;;
233;Usabilidade;219;;
234;Disponibilidade;219;;
235;Acesso;219;;
236;Atendimento;220;;
237;Tempo para ser atendido;220;;
238;Facilidade;220;;
239;Educação e simpatia;220;;
240;Revisão periódica da carteira;44;;
241;Programa sempre presente (PSP);44;;
242;Experiências Personnalité;44;;
243;Outros;44;;
244;Descreva: ;38;;
245;Descreva: ;45;;
246;Descreva qual/ quais?;53;;
247;Descreva qual/ quais?;190;;
248;Descreva qual/ quais?;60;;
249;Descreva qual/ quais?;243;;
250;Outros;33;;
251;Descreva qual/ quais?;250;;
252;Outros;35;;
253;Descreva qual/ quais?;252;;
254;Outros;192;;
255;Descreva qual/ quais?;254;;
256;Outros;193;;
257;Descreva qual/ quais?;256;;
258;Outros;194;;
259;Descreva qual/ quais?;258;;
260;Outros;195;;
261;Descreva qual/ quais?;260;;
262;Outros;196;;
263;Descreva qual/ quais?;262;;
264;Outros;36;;
265;Descreva qual/ quais?;264;;
266;Outros;40;;
267;Descreva qual/ quais?;266;;
268;Outros;216;;
269;Descreva qual/ quais?;268;;
270;Outros;217;;
271;Descreva qual/ quais?;270;;
272;Outros;218;;
273;Descreva qual/ quais?;272;;
274;Outros;219;;
275;Descreva qual/ quais?;274;;
276;Outros;220;;
277;Descreva qual/ quais?;276;;
278;Outros;42;;
279;Descreva qual/ quais?;278;;
280;Outros;43;;
281;Descreva qual/ quais?;280;;
282;500;31;;
283;500;32;;
284;60;39;;
285;60;46;;
286;60;95;;
287;60;114;;
288;60;121;;
289;60;128;;
290;60;135;;
291;60;142;;
292;60;149;;
293;60;156;;
294;60;163;;
295;60;170;;
296;60;177;;
297;60;184;;
298;60;191;;
299;60;244;;
300;60;245;;
301;60;246;;
302;60;247;;
303;60;248;;
304;60;249;;
305;60;251;;
306;60;253;;
307;60;255;;
308;60;257;;
309;60;259;;
310;60;261;;
311;60;263;;
312;60;265;;
313;60;267;;
314;60;269;;
315;60;271;;
316;60;273;;
317;60;275;;
318;60;277;;
319;60;279;;
320;60;281;;
