NOME;NOTA;SEGUNDA_RESPOSTA_ABERT;SEGMENTO_CLI;PRODUTO;CONTA_CLIENTE;data_contato;AGENCIA_CLIENTE;RESPONSAVEL;AGENCIA_COLAB;CNPJ;CELULAR;SEGMENTO_COLAB;OCORRENCIA;CNPJ_GRUPO;CIDADE;INFOS;FUNCIONAL_LIGACAO
ALBERTO;8;Os caixas do Itau sao sempre muito educados e oferecem produtos sem ficar coagindo vc. Agora quanto a tarifas deixa muito a desejar, ja pedi diversas vezes que a gerente tentasse diminuir o pacote e nada.;UNICLASS;TCX;00001-0;06/11/2018;4113;123459926;9108;;5511000000001;AGENCIAS;;;SP;info1;
ANA;8;Os caixas do Itau sao sempre muito educados e oferecem produtos sem ficar coagindo vc. Agora quanto a tarifas deixa muito a desejar, ja pedi diversas vezes que a gerente tentasse diminuir o pacote e n;UNICLASS;Agenda Comercial;00002-1;06/11/2018;4113;123460018;9108;;5511000000002;AGENCIAS;;;RJ;info2;
JEFFERSON;10;Agil.e bom atendomen;UNICLASS;TCX;00003-2;06/11/2018;4113;123460261;9108;;5511000000003;AGENCIAS;;;MG;info3;
SAULO;10;Lorem ipsum dolor sit amet, consectetur adipiscing elit. Sed risus ante, vehicula eget dui id, viverra lobortis nibh. Proin dignissim eros nec nisi eleifend pretium. Pellentesque mollis elit eu metus. ;UNICLASS;Agenda Comercial;00004-3;06/11/2018;4113;123459926;9108;;5511000000004;AGENCIAS;;;SP;info4;
JOSE;10;Lorem ipsum dolor sit amet, consectetur adipiscing elit. Sed risus ante, vehicula eget dui id, viverra lobortis nibh. Proin dignissim eros nec nisi eleifend pretium. Pellentesque mollis elit eu metus. ;UNICLASS;TCX;00005-4;06/11/2018;4113;123460018;9108;;5511000000005;AGENCIAS;;;RJ;info5;
SAMANTHA;10;Lorem ipsum dolor sit amet, consectetur adipiscing elit. Sed risus ante, vehicula eget dui id, viverra lobortis nibh. Proin dignissim eros nec nisi eleifend pretium. Pellentesque mollis elit eu metus. ;UNICLASS;Agenda Comercial;00006-5;06/11/2018;4113;123460261;9108;;5511000000006;AGENCIAS;;;MG;info6;
LEANDRA;8;Lorem ipsum dolor sit amet, consectetur adipiscing elit. Sed risus ante, vehicula eget dui id, viverra lobortis nibh. Proin dignissim eros nec nisi eleifend pretium. Pellentesque mollis elit eu metus. ;UNICLASS;ABERTURA DE CONTA;00007-6;06/11/2018;4113;123459926;9108;;5511000000007;AGENCIAS;;;SP;info7;
ADRIANA;10;Lorem ipsum dolor sit amet, consectetur adipiscing elit. Sed risus ante, vehicula eget dui id, viverra lobortis nibh. Proin dignissim eros nec nisi eleifend pretium. Pellentesque mollis elit eu metus. ;UNICLASS;ABERTURA DE CONTA;00008-7;06/11/2018;4113;123460018;9108;;5511000000008;AGENCIAS;;;RJ;info8;
EDVAL;10;Lorem ipsum dolor sit amet, consectetur adipiscing elit. Sed risus ante, vehicula eget dui id, viverra lobortis nibh. Proin dignissim eros nec nisi eleifend pretium. Pellentesque mollis elit eu metus. ;UNICLASS;Agenda Comercial;00009-8;06/11/2018;4113;123460261;9108;;5511000000009;AGENCIAS;;;MG;info9;
THIAGO;8;Lorem ipsum dolor sit amet, consectetur adipiscing elit. Sed risus ante, vehicula eget dui id, viverra lobortis nibh. Proin dignissim eros nec nisi eleifend pretium. Pellentesque mollis elit eu metus. ;UNICLASS;TCX;00010-9;06/11/2018;4113;123460261;9108;;5511000000010;AGENCIAS;;;MG;info10;
CHRISTIANE;10;Lorem ipsum dolor sit amet, consectetur adipiscing elit. Sed risus ante, vehicula eget dui id, viverra lobortis nibh. Proin dignissim eros nec nisi eleifend pretium. Pellentesque mollis elit eu metus. ;UNICLASS;Agenda Comercial;00011-0;06/11/2018;4113;123459926;9108;;5511000000011;AGENCIAS;;;SP;info11;
FERNANDO;10;td isso;UNICLASS;TCX;00012-1;06/11/2018;4113;123460018;9108;;5511000000012;AGENCIAS;;;RJ;info12;
ALAA;10;Lorem ipsum dolor sit amet, consectetur adipiscing elit. Sed risus ante, vehicula eget dui id, viverra lobortis nibh. Proin dignissim eros nec nisi eleifend pretium. Pellentesque mollis elit eu metus. ;UNICLASS;Agenda Comercial;00013-2;06/11/2018;4113;123460261;9108;;5511000000013;AGENCIAS;;;MG;info13;
JANAINA;10;Lorem ipsum dolor sit amet, consectetur adipiscing elit. Sed risus ante, vehicula eget dui id, viverra lobortis nibh. Proin dignissim eros nec nisi eleifend pretium. Pellentesque mollis elit eu metus. ;UNICLASS;ABERTURA DE CONTA;00014-3;06/11/2018;4113;123459926;9108;;5511000000014;AGENCIAS;;;SP;info14;
FABIO;10;Lorem ipsum dolor sit amet, consectetur adipiscing elit. Sed risus ante, vehicula eget dui id, viverra lobortis nibh. Proin dignissim eros nec nisi eleifend pretium. Pellentesque mollis elit eu metus. ;UNICLASS;TCX;00015-4;06/11/2018;4113;123460018;9108;;5511000000015;AGENCIAS;;;RJ;info15;
JEFFERSON;10;Lorem ipsum dolor sit amet, consectetur adipiscing elit. Sed risus ante, vehicula eget dui id, viverra lobortis nibh. Proin dignissim eros nec nisi eleifend pretium. Pellentesque mollis elit eu metus. ;UNICLASS;ABERTURA DE CONTA;00016-5;06/11/2018;4113;123460261;9108;;5511000000016;AGENCIAS;;;MG;info16;
LEANDRO;10;Lorem ipsum dolor sit amet, consectetur adipiscing elit. Sed risus ante, vehicula eget dui id, viverra lobortis nibh. Proin dignissim eros nec nisi eleifend pretium. Pellentesque mollis elit eu metus. ;UNICLASS;TCX;00017-6;06/11/2018;4113;123459926;9108;;5511000000017;AGENCIAS;;;SP;info17;
GUSTAVO;10;Lorem ipsum dolor sit amet, consectetur adipiscing elit. Sed risus ante, vehicula eget dui id, viverra lobortis nibh. Proin dignissim eros nec nisi eleifend pretium. Pellentesque mollis elit eu metus. ;UNICLASS;Agenda Comercial;00018-7;06/11/2018;4113;123460018;9108;;5511000000018;AGENCIAS;;;RJ;info18;
GILSON;10;Lorem ipsum dolor sit amet, consectetur adipiscing elit. Sed risus ante, vehicula eget dui id, viverra lobortis nibh. Proin dignissim eros nec nisi eleifend pretium. Pellentesque mollis elit eu metus. ;UNICLASS;TCX;00019-8;06/11/2018;4113;123460261;9108;;5511000000019;AGENCIAS;;;MG;info19;
ROGERIO;10;s, para mim o melhor continua sendo o Ita??;UNICLASS;TCX;00020-9;06/11/2018;4113;123460261;9108;;5511000000020;AGENCIAS;;;MG;info20;
SARAH;10;Rapidez e um otimo atendimento;UNICLASS;TCX;00021-0;06/11/2018;4113;123459926;9108;;5511000000021;AGENCIAS;;;;;
DANIELE;7;Lorem ipsum dolor sit amet, consectetur adipiscing elit. Sed risus ante, vehicula eget dui id, viverra lobortis nibh. Proin dignissim eros nec nisi eleifend pretium. Pellentesque mollis elit eu metus. ;UNICLASS;Agenda Comercial;00022-1;06/11/2018;4113;123460018;9108;;5511000000022;AGENCIAS;;;;;
ARISTIDES;10;O bom atendimeto e a atencao com o cliente;UNICLASS;Agenda Comercial;00023-2;06/11/2018;4113;123460261;9108;;5511000000023;AGENCIAS;;;;;
JONAS;10;Pelo atendimento;UNICLASS;TCX;00024-3;06/11/2018;4113;123459926;9108;;5511000000024;AGENCIAS;;;;;
CICERO;10;Bem atendido;UNICLASS;TCX;00025-4;06/11/2018;4113;123460018;9108;;5511000000025;AGENCIAS;;;;;
ODERLEI;10;Lorem ipsum dolor sit amet, consectetur adipiscing elit. Sed risus ante, vehicula eget dui id, viverra lobortis nibh. Proin dignissim eros nec nisi eleifend pretium. Pellentesque mollis elit eu metus. ;UNICLASS;TCX;00026-5;06/11/2018;4113;123460261;9108;;5511000000026;AGENCIAS;;;;;
ISABELLA;10;Bom atendimento!;UNICLASS;TCX;00027-6;06/11/2018;4113;123459926;9108;;5511000000027;AGENCIAS;;;;;
CLAUDIA;9;O atendimento da Caixa ?timo, o tempo de espera ? que ficou um pouc;UNICLASS;TCX;00028-7;06/11/2018;4113;123460018;9108;;5511000000028;AGENCIAS;;;;;
WILSON;10;O atendimento esta de parab?ns;UNICLASS;Agenda Comercial;00029-8;06/11/2018;4113;123460261;9108;;5511000000029;AGENCIAS;;;;;
ELISABETE;10;Lorem ipsum dolor sit amet, consectetur adipiscing elit. Sed risus ante, vehicula eget dui id, viverra lobortis nibh. Proin dignissim eros nec nisi eleifend pretium. Pellentesque mollis elit eu metus. ;UNICLASS;TCX;00030-9;06/11/2018;4113;123460261;9108;;5511000000030;AGENCIAS;;;;;
INGRID;10;O atendimento otimo!;UNICLASS;ABERTURA DE CONTA;00031-0;06/11/2018;4113;123459926;9108;;5511000000031;AGENCIAS;;;;;
MARCOS;8;Lorem ipsum dolor sit amet, consectetur adipiscing elit. Sed risus ante, vehicula eget dui id, viverra lobortis nibh. Proin dignissim eros nec nisi eleifend pretium. Pellentesque mollis elit eu metus. ;UNICLASS;Agenda Comercial;00032-1;06/11/2018;4113;123460018;9108;;5511000000032;AGENCIAS;;;;;
DRIELLIN;10;Otimo atendimento e funcionarios super atenciosos.;UNICLASS;TCX;00033-2;06/11/2018;4113;123460261;9108;;5511000000033;AGENCIAS;;;;;
RENATO;10;O atendimento que recebi da minha gerente, e a facilidade para usar ferramentas;UNICLASS;Agenda Comercial;00034-3;06/11/2018;4113;123459926;9108;;5511000000034;AGENCIAS;;;;;
SHIRLEY;9;Atendimento perfeito;UNICLASS;TCX;00035-4;06/11/2018;4113;123460018;9108;;5511000000035;AGENCIAS;;;;;
PATRICIA;8;Lorem ipsum dolor sit amet, consectetur adipiscing elit. Sed risus ante, vehicula eget dui id, viverra lobortis nibh. Proin dignissim eros nec nisi eleifend pretium. Pellentesque mollis elit eu metus. ;UNICLASS;TCX;00036-5;06/11/2018;4113;123460261;9108;;5511000000036;AGENCIAS;;;;;
LUANA;10;A atendente super simpatica, educadissima e prestativa;UNICLASS;TCX;00037-6;06/11/2018;4113;123459926;9108;;5511000000037;AGENCIAS;;;;;
ALESSIO;10;O atendimento e prestesa nas d?vidas que tinha, gostaria de paraben;UNICLASS;Agenda Comercial;00038-7;06/11/2018;4113;123460018;9108;;5511000000038;AGENCIAS;;;;;
JOAO;7;Lorem ipsum dolor sit amet, consectetur adipiscing elit. Sed risus ante, vehicula eget dui id, viverra lobortis nibh. Proin dignissim eros nec nisi eleifend pretium. Pellentesque mollis elit eu metus. ;UNICLASS;TCX;00039-8;06/11/2018;4113;123460261;9108;;5511000000039;AGENCIAS;;;;;
JULIANA;4;Lorem ipsum dolor sit amet, consectetur adipiscing elit. Sed risus ante, vehicula eget dui id, viverra lobortis nibh. Proin dignissim eros nec nisi eleifend pretium. Pellentesque mollis elit eu metus. ;UNICLASS;TCX;00040-9;06/11/2018;4113;123460261;9108;;5511000000040;AGENCIAS;;;;;
JOSE;10;O meu 10 vai pra  gerente  Tatiane  da Ag. 1292  muito  gente  fina;UNICLASS;TCX;00041-0;06/11/2018;4113;123459926;9108;;5511000000041;AGENCIAS;;;;;
FELICIANO;10;Lorem ipsum dolor sit amet, consectetur adipiscing elit. Sed risus ante, vehicula eget dui id, viverra lobortis nibh. Proin dignissim eros nec nisi eleifend pretium. Pellentesque mollis elit eu metus. ;UNICLASS;Agenda Comercial;00042-1;06/11/2018;4113;123460018;9108;;5511000000042;AGENCIAS;;;;;
RENATO;8;Lorem ipsum dolor sit amet, consectetur adipiscing elit. Sed risus ante, vehicula eget dui id, viverra lobortis nibh. Proin dignissim eros nec nisi eleifend pretium. Pellentesque mollis elit eu metus. ;UNICLASS;ABERTURA DE CONTA;00043-2;06/11/2018;4113;123460261;9108;;5511000000043;AGENCIAS;;;;;
MARIA;7;Lorem ipsum dolor sit amet, consectetur adipiscing elit. Sed risus ante, vehicula eget dui id, viverra lobortis nibh. Proin dignissim eros nec nisi eleifend pretium. Pellentesque mollis elit eu metus. ;UNICLASS;TCX;00044-3;06/11/2018;4113;123459926;9108;;5511000000044;AGENCIAS;;;;;
ELIEL;10;Baseado no atendimento;UNICLASS;TCX;00045-4;06/11/2018;4113;123460018;9108;;5511000000045;AGENCIAS;;;;;
PAMELA;6;Lorem ipsum dolor sit amet, consectetur adipiscing elit. Sed risus ante, vehicula eget dui id, viverra lobortis nibh. Proin dignissim eros nec nisi eleifend pretium. Pellentesque mollis elit eu metus. ;UNICLASS;TCX;00046-5;06/11/2018;4113;123460261;9108;;5511000000046;AGENCIAS;;;;;
INACIO;10;O bom atendimento.;UNICLASS;TCX;00047-6;06/11/2018;4113;123459926;9108;;5511000000047;AGENCIAS;;;;;
SUELI;9;Lorem ipsum dolor sit amet, consectetur adipiscing elit. Sed risus ante, vehicula eget dui id, viverra lobortis nibh. Proin dignissim eros nec nisi eleifend pretium. Pellentesque mollis elit eu metus. ;UNICLASS;Agenda Comercial;00048-7;06/11/2018;4113;123460018;9108;;5511000000048;AGENCIAS;;;;;
SERGIO;10;Sempre fui bem atendido;UNICLASS;TCX;00049-8;06/11/2018;4113;123460261;9108;;5511000000049;AGENCIAS;;;;;
JULIANA;10;Lorem ipsum dolor sit amet, consectetur adipiscing elit. Sed risus ante, vehicula eget dui id, viverra lobortis nibh. Proin dignissim eros nec nisi eleifend pretium. Pellentesque mollis elit eu metus. ;UNICLASS;ABERTURA DE CONTA;00050-9;06/11/2018;4113;123460261;9108;;5511000000050;AGENCIAS;;;;;
GISLENE;10;Lorem ipsum dolor sit amet, consectetur adipiscing elit. Sed risus ante, vehicula eget dui id, viverra lobortis nibh. Proin dignissim eros nec nisi eleifend pretium. Pellentesque mollis elit eu metus. ;UNICLASS;Agenda Comercial;00051-0;06/11/2018;4113;123456808;9108;;5511000000051;AGENCIAS;;;;;
RAMON;8;Lorem ipsum dolor sit amet, consectetur adipiscing elit. Sed risus ante, vehicula eget dui id, viverra lobortis nibh. Proin dignissim eros nec nisi eleifend pretium. Pellentesque mollis elit eu metus. ;UNICLASS;ABERTURA DE CONTA;00052-1;06/11/2018;4113;123460701;9108;;5511000000052;AGENCIAS;;;;;
IRINEU;10;Lorem ipsum dolor sit amet, consectetur adipiscing elit. Sed risus ante, vehicula eget dui id, viverra lobortis nibh. Proin dignissim eros nec nisi eleifend pretium. Pellentesque mollis elit eu metus. ;UNICLASS;Agenda Comercial;00053-2;06/11/2018;4113;123460702;9108;;5511000000053;AGENCIAS;;;;;
RONES;8;Lorem ipsum dolor sit amet, consectetur adipiscing elit. Sed risus ante, vehicula eget dui id, viverra lobortis nibh. Proin dignissim eros nec nisi eleifend pretium. Pellentesque mollis elit eu metus. ;UNICLASS;TCX;00054-3;06/11/2018;4113;123460703;9108;;5511000000054;AGENCIAS;;;;;
ELENICE;10;Lorem ipsum dolor sit amet, consectetur adipiscing elit. Sed risus ante, vehicula eget dui id, viverra lobortis nibh. Proin dignissim eros nec nisi eleifend pretium. Pellentesque mollis elit eu metus. ;UNICLASS;TCX;00055-4;06/11/2018;4113;123460704;9108;;5511000000055;AGENCIAS;;;;;
ROVILSON;5;Lorem ipsum dolor sit amet, consectetur adipiscing elit. Sed risus ante, vehicula eget dui id, viverra lobortis nibh. Proin dignissim eros nec nisi eleifend pretium. Pellentesque mollis elit eu metus. ;UNICLASS;TCX;00056-5;06/11/2018;4113;123460705;9108;;5511000000056;AGENCIAS;;;;;
LUIZ;10;Atendimento foi atencioso, e a atendente me ensinou como melhor aplicar o cr?dito e como melhor realizar o pagamento deste.;UNICLASS;TCX;00057-6;06/11/2018;4113;123460706;9108;;5511000000057;AGENCIAS;;;;;
FERNANDA;8;Lorem ipsum dolor sit amet, consectetur adipiscing elit. Sed risus ante, vehicula eget dui id, viverra lobortis nibh. Proin dignissim eros nec nisi eleifend pretium. Pellentesque mollis elit eu metus. ;UNICLASS;TCX;00058-7;06/11/2018;4113;123460707;9108;;5511000000058;AGENCIAS;;;;;
RENATO;10;O atendimento e bom e conto eu preciso vc n? ajuda rapido;UNICLASS;Agenda Comercial;00059-8;06/11/2018;4113;123460708;9108;;5511000000059;AGENCIAS;;;;;
DOUGLAS;10;atendimento rapido e eficiente.;UNICLASS;TCX;00060-9;06/11/2018;4113;123460709;9108;;5511000000060;AGENCIAS;;;;;
EVANILTON;9;Pessoa simpatia!;UNICLASS;TCX;00061-0;06/11/2018;4113;123462745;9108;;5511000000061;AGENCIAS;;;;;
ESTHER;10;Lorem ipsum dolor sit amet, consectetur adipiscing elit. Sed risus ante, vehicula eget dui id, viverra lobortis nibh. Proin dignissim eros nec nisi eleifend pretium. Pellentesque mollis elit eu metus. ;UNICLASS;ABERTURA DE CONTA;00062-1;06/11/2018;4113;123462814;9108;;5511000000062;AGENCIAS;;;;;
RENATA;7;Lorem ipsum dolor sit amet, consectetur adipiscing elit. Sed risus ante, vehicula eget dui id, viverra lobortis nibh. Proin dignissim eros nec nisi eleifend pretium. Pellentesque mollis elit eu metus. ;UNICLASS;ABERTURA DE CONTA;00063-2;06/11/2018;4113;123462828;9108;;5511000000063;AGENCIAS;;;;;
DOUGLAS;10;Lorem ipsum dolor sit amet, consectetur adipiscing elit. Sed risus ante, vehicula eget dui id, viverra lobortis nibh. Proin dignissim eros nec nisi eleifend pretium. Pellentesque mollis elit eu metus. ;UNICLASS;TCX;00064-3;06/11/2018;4113;123462867;9108;;5511000000064;AGENCIAS;;;;;
KELLY;9;Lorem ipsum dolor sit amet, consectetur adipiscing elit. Sed risus ante, vehicula eget dui id, viverra lobortis nibh. Proin dignissim eros nec nisi eleifend pretium. Pellentesque mollis elit eu metus. ;UNICLASS;ABERTURA DE CONTA;00065-4;06/11/2018;4113;123463001;9108;;5511000000065;AGENCIAS;;;;;
ISTEFANI;9;Bom atendimento;UNICLASS;ABERTURA DE CONTA;00066-5;06/11/2018;4113;123463417;9108;;5511000000066;AGENCIAS;;;;;
MARLEIDE;9;O atendimento foi otimo, por?m o caixa ficou travado por alguns minutos.;UNICLASS;TCX;00067-6;06/11/2018;4113;123463447;9108;;5511000000067;AGENCIAS;;;;;
NICOLLE;7;Lorem ipsum dolor sit amet, consectetur adipiscing elit. Sed risus ante, vehicula eget dui id, viverra lobortis nibh. Proin dignissim eros nec nisi eleifend pretium. Pellentesque mollis elit eu metus. ;UNICLASS;Agenda Comercial;00068-7;06/11/2018;4113;123463716;9108;;5511000000068;AGENCIAS;;;;;
PRISCILA;7;Lorem ipsum dolor sit amet, consectetur adipiscing elit. Sed risus ante, vehicula eget dui id, viverra lobortis nibh. Proin dignissim eros nec nisi eleifend pretium. Pellentesque mollis elit eu metus. ;UNICLASS;Agenda Comercial;00069-8;06/11/2018;4113;123463893;9108;;5511000000069;AGENCIAS;;;;;
LEONARDO;8;Lorem ipsum dolor sit amet, consectetur adipiscing elit. Sed risus ante, vehicula eget dui id, viverra lobortis nibh. Proin dignissim eros nec nisi eleifend pretium. Pellentesque mollis elit eu metus. ;UNICLASS;CONSIGNADO;00070-9;06/11/2018;4113;123464339;9108;;5511000000070;AGENCIAS;;;;;
