[
  {
    "outputFileName": "wwwroot/css/Layout.min.css",
    "inputFiles": [
      "wwwroot/css/Layout.css"
    ]
  },
  {
    "outputFileName": "wwwroot/css/style.min.css",
    "inputFiles": [
      "wwwroot/css/style.css"
    ]
  },
  {
    "outputFileName": "wwwroot/js/site.min.js",
    "inputFiles": [
      "wwwroot/js/site.js"
    ]
  },
  {
    "outputFileName": "wwwroot/js/visualizar-arquivo.min.js",
    "inputFiles": [
      "wwwroot/js/visualizar-arquivo.js"
    ]
  }
]
