﻿[
  {
    "outputFile": "wwwroot/css/status_view.css",
    "inputFile": "wwwroot/css/status_view.scss"
  },
  {
    "outputFile": "wwwroot/css/carregar_view.css",
    "inputFile": "wwwroot/css/carregar_view.scss"
  },
  {
    "outputFile": "wwwroot/css/configuracoes_view.css",
    "inputFile": "wwwroot/css/configuracoes_view.scss"
  },
  {
    "outputFile": "wwwroot/js/site.es5.js",
    "inputFile": "wwwroot/js/site.js"
  },
  {
    "outputFile": "wwwroot/css/perfil_permissao_view.css",
    "inputFile": "wwwroot/css/perfil_permissao_view.scss"
  }
]